/*
Navicat MySQL Data Transfer

Source Server         : localhost
Source Server Version : 50623
Source Host           : localhost:3306
Source Database       : eap

Target Server Type    : MYSQL
Target Server Version : 50623
File Encoding         : 65001

Date: 2017-10-09 19:19:06
*/

SET FOREIGN_KEY_CHECKS=0;

-- ----------------------------
-- Table structure for `act_evt_log`
-- ----------------------------
DROP TABLE IF EXISTS `act_evt_log`;
CREATE TABLE `act_evt_log` (
  `LOG_NR_` bigint(20) NOT NULL AUTO_INCREMENT,
  `TYPE_` varchar(64) COLLATE utf8_bin DEFAULT NULL,
  `PROC_DEF_ID_` varchar(64) COLLATE utf8_bin DEFAULT NULL,
  `PROC_INST_ID_` varchar(64) COLLATE utf8_bin DEFAULT NULL,
  `EXECUTION_ID_` varchar(64) COLLATE utf8_bin DEFAULT NULL,
  `TASK_ID_` varchar(64) COLLATE utf8_bin DEFAULT NULL,
  `TIME_STAMP_` timestamp(3) NOT NULL DEFAULT CURRENT_TIMESTAMP(3) ON UPDATE CURRENT_TIMESTAMP(3),
  `USER_ID_` varchar(255) COLLATE utf8_bin DEFAULT NULL,
  `DATA_` longblob,
  `LOCK_OWNER_` varchar(255) COLLATE utf8_bin DEFAULT NULL,
  `LOCK_TIME_` timestamp(3) NULL DEFAULT NULL,
  `IS_PROCESSED_` tinyint(4) DEFAULT '0',
  PRIMARY KEY (`LOG_NR_`)
) ENGINE=InnoDB DEFAULT CHARSET=utf8 COLLATE=utf8_bin;

-- ----------------------------
-- Records of act_evt_log
-- ----------------------------

-- ----------------------------
-- Table structure for `act_ge_bytearray`
-- ----------------------------
DROP TABLE IF EXISTS `act_ge_bytearray`;
CREATE TABLE `act_ge_bytearray` (
  `ID_` varchar(64) COLLATE utf8_bin NOT NULL DEFAULT '',
  `REV_` int(11) DEFAULT NULL,
  `NAME_` varchar(255) COLLATE utf8_bin DEFAULT NULL,
  `DEPLOYMENT_ID_` varchar(64) COLLATE utf8_bin DEFAULT NULL,
  `BYTES_` longblob,
  `GENERATED_` tinyint(4) DEFAULT NULL,
  PRIMARY KEY (`ID_`),
  KEY `ACT_FK_BYTEARR_DEPL` (`DEPLOYMENT_ID_`),
  CONSTRAINT `act_ge_bytearray_ibfk_1` FOREIGN KEY (`DEPLOYMENT_ID_`) REFERENCES `act_re_deployment` (`ID_`)
) ENGINE=InnoDB DEFAULT CHARSET=utf8 COLLATE=utf8_bin;

-- ----------------------------
-- Records of act_ge_bytearray
-- ----------------------------
INSERT INTO `act_ge_bytearray` VALUES ('10002', '1', 'source', null, 0x7B226964223A2263616E766173222C227265736F757263654964223A2263616E766173222C227374656E63696C736574223A7B226E616D657370616365223A22687474703A2F2F62336D6E2E6F72672F7374656E63696C7365742F62706D6E322E3023227D7D, null);
INSERT INTO `act_ge_bytearray` VALUES ('10004', '1', 'source', null, 0x7B226964223A2263616E766173222C227265736F757263654964223A2263616E766173222C227374656E63696C736574223A7B226E616D657370616365223A22687474703A2F2F62336D6E2E6F72672F7374656E63696C7365742F62706D6E322E3023227D7D, null);
INSERT INTO `act_ge_bytearray` VALUES ('12502', '2', 'source', null, 0x7B227265736F757263654964223A223132353031222C2270726F70657274696573223A7B2270726F636573735F6964223A22E69CAAE5AE9AE4B989222C226E616D65223A22222C22646F63756D656E746174696F6E223A22222C2270726F636573735F617574686F72223A22222C2270726F636573735F76657273696F6E223A22222C2270726F636573735F6E616D657370616365223A22687474703A2F2F7777772E61637469766974692E6F72672F70726F63657373646566222C22657865637574696F6E6C697374656E657273223A22222C226576656E746C697374656E657273223A22222C227369676E616C646566696E6974696F6E73223A22222C226D657373616765646566696E6974696F6E73223A22227D2C227374656E63696C223A7B226964223A2242504D4E4469616772616D227D2C226368696C64536861706573223A5B7B227265736F757263654964223A227369642D31334445323245382D413642312D343830362D384144392D373744463735424331344430222C2270726F70657274696573223A7B226F766572726964656964223A22222C226E616D65223A22222C22646F63756D656E746174696F6E223A22222C22657865637574696F6E6C697374656E657273223A22222C22696E69746961746F72223A22222C22666F726D6B6579646566696E6974696F6E223A22222C22666F726D70726F70657274696573223A22227D2C227374656E63696C223A7B226964223A2253746172744E6F6E654576656E74227D2C226368696C64536861706573223A5B5D2C226F7574676F696E67223A5B7B227265736F757263654964223A227369642D33323346454239332D413441352D344133372D394334462D344439314430304238313441227D5D2C22626F756E6473223A7B226C6F7765725269676874223A7B2278223A3136352E30303030303030303030303030362C2279223A3132302E30303030303030303030303030337D2C2275707065724C656674223A7B2278223A3133352E30303030303030303030303030362C2279223A39302E30303030303030303030303030337D7D2C22646F636B657273223A5B5D7D2C7B227265736F757263654964223A227369642D32373833443636442D453843342D344532332D393944302D454332313630424433383431222C2270726F70657274696573223A7B226F766572726964656964223A22222C226E616D65223A22222C22646F63756D656E746174696F6E223A22222C22657865637574696F6E6C697374656E657273223A22227D2C227374656E63696C223A7B226964223A22456E644E6F6E654576656E74227D2C226368696C64536861706573223A5B5D2C226F7574676F696E67223A5B5D2C22626F756E6473223A7B226C6F7765725269676874223A7B2278223A3235332E30303030303030303030303030332C2279223A3131392E30303030303030303030303030347D2C2275707065724C656674223A7B2278223A3232352E30303030303030303030303030332C2279223A39312E30303030303030303030303030347D7D2C22646F636B657273223A5B5D7D2C7B227265736F757263654964223A227369642D33323346454239332D413441352D344133372D394334462D344439314430304238313441222C2270726F70657274696573223A7B226F766572726964656964223A22222C226E616D65223A22222C22646F63756D656E746174696F6E223A22222C22636F6E646974696F6E73657175656E6365666C6F77223A22222C22657865637574696F6E6C697374656E657273223A22222C2264656661756C74666C6F77223A2266616C7365227D2C227374656E63696C223A7B226964223A2253657175656E6365466C6F77227D2C226368696C64536861706573223A5B5D2C226F7574676F696E67223A5B7B227265736F757263654964223A227369642D32373833443636442D453843342D344532332D393944302D454332313630424433383431227D5D2C22626F756E6473223A7B226C6F7765725269676874223A7B2278223A3232342E30393337353030303030303030362C2279223A3130352E30303030303030303030303030337D2C2275707065724C656674223A7B2278223A3136352E36303135363235303030303030362C2279223A3130352E30303030303030303030303030337D7D2C22646F636B657273223A5B7B2278223A31352C2279223A31357D2C7B2278223A31342C2279223A31347D5D2C22746172676574223A7B227265736F757263654964223A227369642D32373833443636442D453843342D344532332D393944302D454332313630424433383431227D7D5D2C22626F756E6473223A7B226C6F7765725269676874223A7B2278223A313230302C2279223A313035307D2C2275707065724C656674223A7B2278223A302C2279223A307D7D2C227374656E63696C736574223A7B2275726C223A227374656E63696C736574732F62706D6E322E302F62706D6E322E302E6A736F6E222C226E616D657370616365223A22687474703A2F2F62336D6E2E6F72672F7374656E63696C7365742F62706D6E322E3023227D2C227373657874656E73696F6E73223A5B5D7D, null);
INSERT INTO `act_ge_bytearray` VALUES ('12503', '1', 'source-extra', null, 0x89504E470D0A1A0A0000000D494844520000012F000000AA0806000000FCD4C907000000206348524D00007A26000080840000FA00000080E8000075300000EA6000003A98000017709CBA513C0000000467414D410000B18E7CFB5193000000017352474200AECE1CE900000006624B474400FF00FF00FFA0BDA793000000097048597300000EC400000EC401952B0E1B00000A294944415478DAEDDD6B4C94D91DC7F1C37011BC208B55D1D46BF086E08554782141B7BB5154BAD91758A56EB6DA4D43361B5B13D3D8351A9BEC36E585BAFAA2D875255E76ADB38A4AB54645A2405843BC2B23DAE0AA2C55285D909B820566FAFF53871D2DC8280CC90CDF4FF2642E3A0FCC9F797E73CE99F39C3106000000000000000000000000000000000000000000000000000000000000000000000000000000000000000000000000000000000000000000000000000000000000000000000000000000000000000000000000000000000000000000000000000000000000000000000000000000000000000000000000000000000000000000000000000000000000000000000000000000000000000000000000000074CF8F12A0271C0E47707171F12FAF5EBDFA8B8A8A8A590F1F3E1C585F5F1FD0DCDC6C0202021C43860C69090F0F7F101A1A7A5EFEFB27EBD6ADFB07557B752B56ACF8716B6BEBBB7E7E7EF3E4E62CD922641B2C5BB36C95F277B826FFF68DBFBFBF75FFFEFDFF24BC809784D691234776969494A4565757074C9B36CDCC9C39D38C1933C6485899E0E060A301D6D0D060CACBCB8DCD663357AE5C71582C96EF1E3F7EFCE9CE9D3B7751C5EEA5A6A6BE2B171FC99628350F72F36179126499070E1CF88AF0025C141515FD2A373737A3AEAE6EC0F2E5CBDB434BDEF1DD7AECF5EBD78DD56A6D7BF4E851694D4DCDCF0E1D3A74878AFE3FA9EB7809A0BF48602DECC16E0ADBDADA56F96A8D092FBC4A6B2BE0D8B16339274F9E7C73C9922566D1A2456E87D68B4E9F3E6D0E1E3CD8245DCBDFD00A7BDEB265CB964B5D33EC76FB1BCEFBB4CED1D1D1263E3EDE4446469AB0B030235D72F3E4C913535B5B6BEEDFBF6F2E5CB8A0AD5BD3D2D2E2BABB4609C10F7DB1154678C1EDE0CACFCF3F7FF8F0E139AB57AF3693264DEAF13ECBCACA4C7A7A7A536B6BEBEF76EDDAF567AADC1E5CC9D2B5CE967AFB3B434BDF24162C5860860F1FDEEDE335C84E9C3861E40DC648ABEB8703DDCFEFD712603EF526E1CFCB05EE888D8DCD958362EEC68D1BDBC7B57A83B61EA4251178EEDCB9C4C9932797DB6CB61BFDBDC525C175D0195CA3478F361B366C3009090966D0A0416EED43C71A67CC9861E6CC99636EDFBE6DEAEBEB9DFFF44E4C4CCCB7BE5463C20BDDD231AEACACACDFAE59B3A6D782CB490F4A39D8820A0A0A7E1A1515F53739B8BEEF8F35D6312E69651D93E01AA8B7A74C9962D6AF5FEF566BAB3343870E3573E7CE35F7EEDD33555555CEBB1748801DF5951A5B3834D14D773138272767878E71F54657B133E3C68DD356C7006975ECEEAF7596E7BECB39C6A52DAEB56BD7B68F69F5C4C08103CD0B6F3883E5EFF985CFD48CC3132F939D9D9DD9D0D010B470E1428FFE9CC58B1787486B61426A6AEA7BFDADC63A1D4282EBADF6AE90BF7F7BE0F434B85C034CC7285D3E5849F0951A135E7869AB4BBA183FD7E9108181811EFF796969696F480BE4232FECF26DD0009A3F7F7EC06BEEA2E339EBE07C6F77CD757FC9C9C9AE7FD734C20B3E4D67CE57555505E83CAEBEA0635F03060C98A0E33F5E56AA4F24108E8E1C39F291FCEE5F4A90252D5DBA74B03B0FD499F372F1A6B3D5A5E1E509494949AE6F40095E5863C20BEED3537E5E65026A6F888989A9948B146FAC979F9F9F06D67B126427A505592E21B657836CE5CA95C15D3D464FF9717EBAA8B5D6B3133C413FD98D8D8D75BD2BC5DB5F9F8417BAA4E72AEAC4C8BE141F1F1F2617F3BCBD76126461124AEF6B90353737D7484B6777675DCB67E72AB68B8B8BF3E8EFF4C2FEBDBEC6011CA2E88A9E64AD9F04F6A5891327EA5481593E56CA10D9564A90AD8C8888A893203B25A1B547BAC879126CB35C9EBB477F89F1E39FEB297A7D8D092F74495787D0EE465F6A6969192E0779AB1CE07FF0D1B20E956D993CC7657AE2BAB0BB76ED3CE985FDFF88F082CFD2834B676CF7A5A2A222ED4AE9EB72533F2973C7D04D6F4D8FE88A4E9B7011ECED8523BCD025E9D63824C0FCFA32C0E2E2E2BECFCACA0A9300FBA31795CA9DA0FDCFB3CBE796B591E7699756587B80E9F2419E0C303D89DBF5BD89F082CF0A0D0D6DA9ADAD0D8A8888E8B39F19181858230774B3D56AF59A6EA37471BB0AAF260D26793E039CA125B76BE576AE6CFBE5CDE194BC3914CBDD91FA6F7A52B527C34BF7EFC2EB4F1122BCD0A5B0B0B0EFCACACA22FB32BC8A8B8BBF958B362F2E5BA3F9DF6A2D7A2675888494F3BE53B27D1D121292BB67CF9E5A97E0BBE60CAFBB77EFF6FA045557BA6C8E8B6B84177CB9E5956FB3D922750DA9BE72FEFC79875CE47B71D906BB8458966C27A4DBFD7709AC4EBB69D212CB97806B9F73A5EB71CD9BE7B9190CBA7F17F9DEFEFA24BCD0A5BABABA3F49CB6B555B5B9BA58F26AA369796964E352EA7CB7813ED12CA459EC562D9ABD3205C5B585D1E800101D952DFCFF4AAAE325B5353E39189AADA65BC7CF9B2C3FCB0865F96B7BF3E5912075D2A282878949090F0FE881123C2478D1AE5F19F979393F3F5D5AB57FDAD56EB67DE54A7E8E8E836693DED9616D607FB85B4566F5FBB76CDAD0171E926D7C7C4C424CAD589127EBABA44FB7A5CBD2D3B3BDBDCBA75CB195C85DE56635A5E789DD6D7C77F153367CE0CF070EBAB76EFDEBD5112025BBDAD4612049FF67017BA8AECDB7A4557404D4C4CECD5B12FFD0294E3C78F77B4BAA4C69FFBC26B93D383F052999999871A1B1B6FE941E5499B376F3E6CB7DB1F57545458FB5B8D0F1C3890ADDD4DBDAE4B376FDBB6AD7DDA446FD0E911DBB76F6F93DA76B4BA7CA5C68417DC697DBD73F4E8D1A6D2D2528FEC5FBA4EC72E5FBEBC44D759CFCBCB6BEDA7655E659E4D5F78F8F0A1D9B2654B8F034C834B82D0F1E0C1036793B9D1976ACC9817BA65B3D96AA74F9F7EFFD2A54B49BAE6BCBBEBA9BB430EAC6F366DDA3445AEFE5E5A2067FB798DCB255CF47B1A2DD5D5D53AC06EA2A2A2DA97747E9DAE627A7A7ADB9D3B773A1A28B2EF0F7CA9C68417DC72E3C68DE2A953A756161616BE259741C3860DEB951697069774957658ADD68CFE5EE39B376FDAA2A3A3CBE5AAAE1C68D196D7D9B3674D535393193B76AC5BA76AE9A78A3A389F9191E1A8AFAFEF082E87C3F1B1AFD598AF3EC32BD16FB8090C0CFC3C2525C53F393979D06B0EE2D76EDDBA35FBE2C58B49725D0FAA3D54F6F91ACBC50E5D56A7A3952175D6F5BE74591B5D7DA2B3EF6DD4969A6CF6A74F9FBA0E07E97CB3D5BE5863C20BAF4C57E1B4582C9972F04C4F4B4B0B9D3D7B76889B0F6D3E73E64CF6BE7DFB225B5B5B9B9F7D97E06D2ADA798DA53E5F488BE9ED1EECA6D0976B4C78A12707588A84D88741414131D295FC774242C2E00913260485878747681747BA3BFF9256415D494949A97437FD4B4B4BB58BF8401E9A595959F9553F1E9C7FA51A4B00A54988CD37EE4F6D2AEC0F3526BCD063BA0EBBDD6E4F91036CAEDCFC896C7A32A40ED0E8444DFD044DCFA3D3D351B2A4FB729F8A51630000000000000000000000000000000000000000000000000000000000000000000000000000000000000000000000000000000000000000000000000000000000000000000000000000000000000000000000000000BCC27F01BFC3B3A8971ABEFA0000000049454E44AE426082, null);
INSERT INTO `act_ge_bytearray` VALUES ('2', '3', 'source', null, 0x7B227265736F757263654964223A2231222C2270726F70657274696573223A7B2270726F636573735F6964223A2270726F63657373222C226E616D65223A22222C22646F63756D656E746174696F6E223A22222C2270726F636573735F617574686F72223A22222C2270726F636573735F76657273696F6E223A22222C2270726F636573735F6E616D657370616365223A22687474703A2F2F7777772E61637469766974692E6F72672F70726F63657373646566222C22657865637574696F6E6C697374656E657273223A22222C226576656E746C697374656E657273223A22222C227369676E616C646566696E6974696F6E73223A22222C226D657373616765646566696E6974696F6E73223A22227D2C227374656E63696C223A7B226964223A2242504D4E4469616772616D227D2C226368696C64536861706573223A5B5D2C22626F756E6473223A7B226C6F7765725269676874223A7B2278223A313230302C2279223A313135307D2C2275707065724C656674223A7B2278223A302C2279223A307D7D2C227374656E63696C736574223A7B2275726C223A227374656E63696C736574732F62706D6E322E302F62706D6E322E302E6A736F6E222C226E616D657370616365223A22687474703A2F2F62336D6E2E6F72672F7374656E63696C7365742F62706D6E322E3023227D2C227373657874656E73696F6E73223A5B5D7D, null);
INSERT INTO `act_ge_bytearray` VALUES ('2502', '1', 'source', null, 0x7B226964223A2263616E766173222C227265736F757263654964223A2263616E766173222C227374656E63696C736574223A7B226E616D657370616365223A22687474703A2F2F62336D6E2E6F72672F7374656E63696C7365742F62706D6E322E3023227D7D, null);
INSERT INTO `act_ge_bytearray` VALUES ('3', '2', 'source-extra', null, 0x89504E470D0A1A0A0000000D49484452000000320000003208060000001E3F88B1000000206348524D00007A26000080840000FA00000080E8000075300000EA6000003A98000017709CBA513C0000000467414D410000B18E7CFB5193000000017352474200AECE1CE900000006624B474400FF00FF00FFA0BDA793000000097048597300000EC400000EC401952B0E1B000000204944415478DAEDC101010000008220FFAF6E4840010000000000000000C0A30127420001FCA695FE0000000049454E44AE426082, null);
INSERT INTO `act_ge_bytearray` VALUES ('5', '2', 'source', null, 0x7B227265736F757263654964223A2234222C2270726F70657274696573223A7B2270726F636573735F6964223A2270726F63657373222C226E616D65223A22222C22646F63756D656E746174696F6E223A22222C2270726F636573735F617574686F72223A22222C2270726F636573735F76657273696F6E223A22222C2270726F636573735F6E616D657370616365223A22687474703A2F2F7777772E61637469766974692E6F72672F70726F63657373646566222C22657865637574696F6E6C697374656E657273223A22222C226576656E746C697374656E657273223A22222C227369676E616C646566696E6974696F6E73223A22222C226D657373616765646566696E6974696F6E73223A22227D2C227374656E63696C223A7B226964223A2242504D4E4469616772616D227D2C226368696C64536861706573223A5B5D2C22626F756E6473223A7B226C6F7765725269676874223A7B2278223A313230302C2279223A313035307D2C2275707065724C656674223A7B2278223A302C2279223A307D7D2C227374656E63696C736574223A7B2275726C223A227374656E63696C736574732F62706D6E322E302F62706D6E322E302E6A736F6E222C226E616D657370616365223A22687474703A2F2F62336D6E2E6F72672F7374656E63696C7365742F62706D6E322E3023227D2C227373657874656E73696F6E73223A5B5D7D, null);
INSERT INTO `act_ge_bytearray` VALUES ('5002', '1', 'source', null, 0x7B226964223A2263616E766173222C227265736F757263654964223A2263616E766173222C227374656E63696C736574223A7B226E616D657370616365223A22687474703A2F2F62336D6E2E6F72672F7374656E63696C7365742F62706D6E322E3023227D7D, null);
INSERT INTO `act_ge_bytearray` VALUES ('6', '1', 'source-extra', null, 0x89504E470D0A1A0A0000000D49484452000000320000003208060000001E3F88B1000000206348524D00007A26000080840000FA00000080E8000075300000EA6000003A98000017709CBA513C0000000467414D410000B18E7CFB5193000000017352474200AECE1CE900000006624B474400FF00FF00FFA0BDA793000000097048597300000EC400000EC401952B0E1B000000204944415478DAEDC101010000008220FFAF6E4840010000000000000000C0A30127420001FCA695FE0000000049454E44AE426082, null);
INSERT INTO `act_ge_bytearray` VALUES ('7502', '1', 'source', null, 0x7B226964223A2263616E766173222C227265736F757263654964223A2263616E766173222C227374656E63696C736574223A7B226E616D657370616365223A22687474703A2F2F62336D6E2E6F72672F7374656E63696C7365742F62706D6E322E3023227D7D, null);

-- ----------------------------
-- Table structure for `act_ge_property`
-- ----------------------------
DROP TABLE IF EXISTS `act_ge_property`;
CREATE TABLE `act_ge_property` (
  `NAME_` varchar(64) COLLATE utf8_bin NOT NULL DEFAULT '',
  `VALUE_` varchar(300) COLLATE utf8_bin DEFAULT NULL,
  `REV_` int(11) DEFAULT NULL,
  PRIMARY KEY (`NAME_`)
) ENGINE=InnoDB DEFAULT CHARSET=utf8 COLLATE=utf8_bin;

-- ----------------------------
-- Records of act_ge_property
-- ----------------------------
INSERT INTO `act_ge_property` VALUES ('next.dbid', '15001', '7');
INSERT INTO `act_ge_property` VALUES ('schema.history', 'create(5.17.0.2)', '1');
INSERT INTO `act_ge_property` VALUES ('schema.version', '5.22.0.0', '1');

-- ----------------------------
-- Table structure for `act_hi_actinst`
-- ----------------------------
DROP TABLE IF EXISTS `act_hi_actinst`;
CREATE TABLE `act_hi_actinst` (
  `ID_` varchar(64) COLLATE utf8_bin NOT NULL,
  `PROC_DEF_ID_` varchar(64) COLLATE utf8_bin NOT NULL,
  `PROC_INST_ID_` varchar(64) COLLATE utf8_bin NOT NULL,
  `EXECUTION_ID_` varchar(64) COLLATE utf8_bin NOT NULL,
  `ACT_ID_` varchar(255) COLLATE utf8_bin NOT NULL,
  `TASK_ID_` varchar(64) COLLATE utf8_bin DEFAULT NULL,
  `CALL_PROC_INST_ID_` varchar(64) COLLATE utf8_bin DEFAULT NULL,
  `ACT_NAME_` varchar(255) COLLATE utf8_bin DEFAULT NULL,
  `ACT_TYPE_` varchar(255) COLLATE utf8_bin NOT NULL,
  `ASSIGNEE_` varchar(255) COLLATE utf8_bin DEFAULT NULL,
  `START_TIME_` datetime(3) NOT NULL,
  `END_TIME_` datetime(3) DEFAULT NULL,
  `DURATION_` bigint(20) DEFAULT NULL,
  `TENANT_ID_` varchar(255) COLLATE utf8_bin DEFAULT '',
  PRIMARY KEY (`ID_`),
  KEY `ACT_IDX_HI_ACT_INST_START` (`START_TIME_`),
  KEY `ACT_IDX_HI_ACT_INST_END` (`END_TIME_`),
  KEY `ACT_IDX_HI_ACT_INST_PROCINST` (`PROC_INST_ID_`,`ACT_ID_`),
  KEY `ACT_IDX_HI_ACT_INST_EXEC` (`EXECUTION_ID_`,`ACT_ID_`)
) ENGINE=InnoDB DEFAULT CHARSET=utf8 COLLATE=utf8_bin;

-- ----------------------------
-- Records of act_hi_actinst
-- ----------------------------

-- ----------------------------
-- Table structure for `act_hi_attachment`
-- ----------------------------
DROP TABLE IF EXISTS `act_hi_attachment`;
CREATE TABLE `act_hi_attachment` (
  `ID_` varchar(64) COLLATE utf8_bin NOT NULL,
  `REV_` int(11) DEFAULT NULL,
  `USER_ID_` varchar(255) COLLATE utf8_bin DEFAULT NULL,
  `NAME_` varchar(255) COLLATE utf8_bin DEFAULT NULL,
  `DESCRIPTION_` varchar(4000) COLLATE utf8_bin DEFAULT NULL,
  `TYPE_` varchar(255) COLLATE utf8_bin DEFAULT NULL,
  `TASK_ID_` varchar(64) COLLATE utf8_bin DEFAULT NULL,
  `PROC_INST_ID_` varchar(64) COLLATE utf8_bin DEFAULT NULL,
  `URL_` varchar(4000) COLLATE utf8_bin DEFAULT NULL,
  `CONTENT_ID_` varchar(64) COLLATE utf8_bin DEFAULT NULL,
  `TIME_` datetime(3) DEFAULT NULL,
  PRIMARY KEY (`ID_`)
) ENGINE=InnoDB DEFAULT CHARSET=utf8 COLLATE=utf8_bin;

-- ----------------------------
-- Records of act_hi_attachment
-- ----------------------------

-- ----------------------------
-- Table structure for `act_hi_comment`
-- ----------------------------
DROP TABLE IF EXISTS `act_hi_comment`;
CREATE TABLE `act_hi_comment` (
  `ID_` varchar(64) COLLATE utf8_bin NOT NULL,
  `TYPE_` varchar(255) COLLATE utf8_bin DEFAULT NULL,
  `TIME_` datetime(3) NOT NULL,
  `USER_ID_` varchar(255) COLLATE utf8_bin DEFAULT NULL,
  `TASK_ID_` varchar(64) COLLATE utf8_bin DEFAULT NULL,
  `PROC_INST_ID_` varchar(64) COLLATE utf8_bin DEFAULT NULL,
  `ACTION_` varchar(255) COLLATE utf8_bin DEFAULT NULL,
  `MESSAGE_` varchar(4000) COLLATE utf8_bin DEFAULT NULL,
  `FULL_MSG_` longblob,
  PRIMARY KEY (`ID_`)
) ENGINE=InnoDB DEFAULT CHARSET=utf8 COLLATE=utf8_bin;

-- ----------------------------
-- Records of act_hi_comment
-- ----------------------------

-- ----------------------------
-- Table structure for `act_hi_detail`
-- ----------------------------
DROP TABLE IF EXISTS `act_hi_detail`;
CREATE TABLE `act_hi_detail` (
  `ID_` varchar(64) COLLATE utf8_bin NOT NULL,
  `TYPE_` varchar(255) COLLATE utf8_bin NOT NULL,
  `PROC_INST_ID_` varchar(64) COLLATE utf8_bin DEFAULT NULL,
  `EXECUTION_ID_` varchar(64) COLLATE utf8_bin DEFAULT NULL,
  `TASK_ID_` varchar(64) COLLATE utf8_bin DEFAULT NULL,
  `ACT_INST_ID_` varchar(64) COLLATE utf8_bin DEFAULT NULL,
  `NAME_` varchar(255) COLLATE utf8_bin NOT NULL,
  `VAR_TYPE_` varchar(255) COLLATE utf8_bin DEFAULT NULL,
  `REV_` int(11) DEFAULT NULL,
  `TIME_` datetime(3) NOT NULL,
  `BYTEARRAY_ID_` varchar(64) COLLATE utf8_bin DEFAULT NULL,
  `DOUBLE_` double DEFAULT NULL,
  `LONG_` bigint(20) DEFAULT NULL,
  `TEXT_` varchar(4000) COLLATE utf8_bin DEFAULT NULL,
  `TEXT2_` varchar(4000) COLLATE utf8_bin DEFAULT NULL,
  PRIMARY KEY (`ID_`),
  KEY `ACT_IDX_HI_DETAIL_PROC_INST` (`PROC_INST_ID_`),
  KEY `ACT_IDX_HI_DETAIL_ACT_INST` (`ACT_INST_ID_`),
  KEY `ACT_IDX_HI_DETAIL_TIME` (`TIME_`),
  KEY `ACT_IDX_HI_DETAIL_NAME` (`NAME_`),
  KEY `ACT_IDX_HI_DETAIL_TASK_ID` (`TASK_ID_`)
) ENGINE=InnoDB DEFAULT CHARSET=utf8 COLLATE=utf8_bin;

-- ----------------------------
-- Records of act_hi_detail
-- ----------------------------

-- ----------------------------
-- Table structure for `act_hi_identitylink`
-- ----------------------------
DROP TABLE IF EXISTS `act_hi_identitylink`;
CREATE TABLE `act_hi_identitylink` (
  `ID_` varchar(64) COLLATE utf8_bin NOT NULL DEFAULT '',
  `GROUP_ID_` varchar(255) COLLATE utf8_bin DEFAULT NULL,
  `TYPE_` varchar(255) COLLATE utf8_bin DEFAULT NULL,
  `USER_ID_` varchar(255) COLLATE utf8_bin DEFAULT NULL,
  `TASK_ID_` varchar(64) COLLATE utf8_bin DEFAULT NULL,
  `PROC_INST_ID_` varchar(64) COLLATE utf8_bin DEFAULT NULL,
  PRIMARY KEY (`ID_`),
  KEY `ACT_IDX_HI_IDENT_LNK_USER` (`USER_ID_`),
  KEY `ACT_IDX_HI_IDENT_LNK_TASK` (`TASK_ID_`),
  KEY `ACT_IDX_HI_IDENT_LNK_PROCINST` (`PROC_INST_ID_`)
) ENGINE=InnoDB DEFAULT CHARSET=utf8 COLLATE=utf8_bin;

-- ----------------------------
-- Records of act_hi_identitylink
-- ----------------------------

-- ----------------------------
-- Table structure for `act_hi_procinst`
-- ----------------------------
DROP TABLE IF EXISTS `act_hi_procinst`;
CREATE TABLE `act_hi_procinst` (
  `ID_` varchar(64) COLLATE utf8_bin NOT NULL,
  `PROC_INST_ID_` varchar(64) COLLATE utf8_bin NOT NULL,
  `BUSINESS_KEY_` varchar(255) COLLATE utf8_bin DEFAULT NULL,
  `PROC_DEF_ID_` varchar(64) COLLATE utf8_bin NOT NULL,
  `START_TIME_` datetime(3) NOT NULL,
  `END_TIME_` datetime(3) DEFAULT NULL,
  `DURATION_` bigint(20) DEFAULT NULL,
  `START_USER_ID_` varchar(255) COLLATE utf8_bin DEFAULT NULL,
  `START_ACT_ID_` varchar(255) COLLATE utf8_bin DEFAULT NULL,
  `END_ACT_ID_` varchar(255) COLLATE utf8_bin DEFAULT NULL,
  `SUPER_PROCESS_INSTANCE_ID_` varchar(64) COLLATE utf8_bin DEFAULT NULL,
  `DELETE_REASON_` varchar(4000) COLLATE utf8_bin DEFAULT NULL,
  `TENANT_ID_` varchar(255) COLLATE utf8_bin DEFAULT '',
  `NAME_` varchar(255) COLLATE utf8_bin DEFAULT NULL,
  PRIMARY KEY (`ID_`),
  UNIQUE KEY `PROC_INST_ID_` (`PROC_INST_ID_`),
  KEY `ACT_IDX_HI_PRO_INST_END` (`END_TIME_`),
  KEY `ACT_IDX_HI_PRO_I_BUSKEY` (`BUSINESS_KEY_`)
) ENGINE=InnoDB DEFAULT CHARSET=utf8 COLLATE=utf8_bin;

-- ----------------------------
-- Records of act_hi_procinst
-- ----------------------------

-- ----------------------------
-- Table structure for `act_hi_taskinst`
-- ----------------------------
DROP TABLE IF EXISTS `act_hi_taskinst`;
CREATE TABLE `act_hi_taskinst` (
  `ID_` varchar(64) COLLATE utf8_bin NOT NULL,
  `PROC_DEF_ID_` varchar(64) COLLATE utf8_bin DEFAULT NULL,
  `TASK_DEF_KEY_` varchar(255) COLLATE utf8_bin DEFAULT NULL,
  `PROC_INST_ID_` varchar(64) COLLATE utf8_bin DEFAULT NULL,
  `EXECUTION_ID_` varchar(64) COLLATE utf8_bin DEFAULT NULL,
  `NAME_` varchar(255) COLLATE utf8_bin DEFAULT NULL,
  `PARENT_TASK_ID_` varchar(64) COLLATE utf8_bin DEFAULT NULL,
  `DESCRIPTION_` varchar(4000) COLLATE utf8_bin DEFAULT NULL,
  `OWNER_` varchar(255) COLLATE utf8_bin DEFAULT NULL,
  `ASSIGNEE_` varchar(255) COLLATE utf8_bin DEFAULT NULL,
  `START_TIME_` datetime(3) NOT NULL,
  `CLAIM_TIME_` datetime(3) DEFAULT NULL,
  `END_TIME_` datetime(3) DEFAULT NULL,
  `DURATION_` bigint(20) DEFAULT NULL,
  `DELETE_REASON_` varchar(4000) COLLATE utf8_bin DEFAULT NULL,
  `PRIORITY_` int(11) DEFAULT NULL,
  `DUE_DATE_` datetime(3) DEFAULT NULL,
  `FORM_KEY_` varchar(255) COLLATE utf8_bin DEFAULT NULL,
  `CATEGORY_` varchar(255) COLLATE utf8_bin DEFAULT NULL,
  `TENANT_ID_` varchar(255) COLLATE utf8_bin DEFAULT '',
  PRIMARY KEY (`ID_`),
  KEY `ACT_IDX_HI_TASK_INST_PROCINST` (`PROC_INST_ID_`)
) ENGINE=InnoDB DEFAULT CHARSET=utf8 COLLATE=utf8_bin;

-- ----------------------------
-- Records of act_hi_taskinst
-- ----------------------------

-- ----------------------------
-- Table structure for `act_hi_varinst`
-- ----------------------------
DROP TABLE IF EXISTS `act_hi_varinst`;
CREATE TABLE `act_hi_varinst` (
  `ID_` varchar(64) COLLATE utf8_bin NOT NULL,
  `PROC_INST_ID_` varchar(64) COLLATE utf8_bin DEFAULT NULL,
  `EXECUTION_ID_` varchar(64) COLLATE utf8_bin DEFAULT NULL,
  `TASK_ID_` varchar(64) COLLATE utf8_bin DEFAULT NULL,
  `NAME_` varchar(255) COLLATE utf8_bin NOT NULL,
  `VAR_TYPE_` varchar(100) COLLATE utf8_bin DEFAULT NULL,
  `REV_` int(11) DEFAULT NULL,
  `BYTEARRAY_ID_` varchar(64) COLLATE utf8_bin DEFAULT NULL,
  `DOUBLE_` double DEFAULT NULL,
  `LONG_` bigint(20) DEFAULT NULL,
  `TEXT_` varchar(4000) COLLATE utf8_bin DEFAULT NULL,
  `TEXT2_` varchar(4000) COLLATE utf8_bin DEFAULT NULL,
  `CREATE_TIME_` datetime(3) DEFAULT NULL,
  `LAST_UPDATED_TIME_` datetime(3) DEFAULT NULL,
  PRIMARY KEY (`ID_`),
  KEY `ACT_IDX_HI_PROCVAR_PROC_INST` (`PROC_INST_ID_`),
  KEY `ACT_IDX_HI_PROCVAR_NAME_TYPE` (`NAME_`,`VAR_TYPE_`),
  KEY `ACT_IDX_HI_PROCVAR_TASK_ID` (`TASK_ID_`)
) ENGINE=InnoDB DEFAULT CHARSET=utf8 COLLATE=utf8_bin;

-- ----------------------------
-- Records of act_hi_varinst
-- ----------------------------

-- ----------------------------
-- Table structure for `act_id_group`
-- ----------------------------
DROP TABLE IF EXISTS `act_id_group`;
CREATE TABLE `act_id_group` (
  `ID_` varchar(64) COLLATE utf8_bin NOT NULL DEFAULT '',
  `REV_` int(11) DEFAULT NULL,
  `NAME_` varchar(255) COLLATE utf8_bin DEFAULT NULL,
  `TYPE_` varchar(255) COLLATE utf8_bin DEFAULT NULL,
  PRIMARY KEY (`ID_`)
) ENGINE=InnoDB DEFAULT CHARSET=utf8 COLLATE=utf8_bin;

-- ----------------------------
-- Records of act_id_group
-- ----------------------------

-- ----------------------------
-- Table structure for `act_id_info`
-- ----------------------------
DROP TABLE IF EXISTS `act_id_info`;
CREATE TABLE `act_id_info` (
  `ID_` varchar(64) COLLATE utf8_bin NOT NULL DEFAULT '',
  `REV_` int(11) DEFAULT NULL,
  `USER_ID_` varchar(64) COLLATE utf8_bin DEFAULT NULL,
  `TYPE_` varchar(64) COLLATE utf8_bin DEFAULT NULL,
  `KEY_` varchar(255) COLLATE utf8_bin DEFAULT NULL,
  `VALUE_` varchar(255) COLLATE utf8_bin DEFAULT NULL,
  `PASSWORD_` longblob,
  `PARENT_ID_` varchar(255) COLLATE utf8_bin DEFAULT NULL,
  PRIMARY KEY (`ID_`)
) ENGINE=InnoDB DEFAULT CHARSET=utf8 COLLATE=utf8_bin;

-- ----------------------------
-- Records of act_id_info
-- ----------------------------

-- ----------------------------
-- Table structure for `act_id_membership`
-- ----------------------------
DROP TABLE IF EXISTS `act_id_membership`;
CREATE TABLE `act_id_membership` (
  `USER_ID_` varchar(64) COLLATE utf8_bin NOT NULL DEFAULT '',
  `GROUP_ID_` varchar(64) COLLATE utf8_bin NOT NULL DEFAULT '',
  PRIMARY KEY (`USER_ID_`,`GROUP_ID_`),
  KEY `ACT_FK_MEMB_GROUP` (`GROUP_ID_`),
  CONSTRAINT `act_id_membership_ibfk_1` FOREIGN KEY (`GROUP_ID_`) REFERENCES `act_id_group` (`ID_`),
  CONSTRAINT `act_id_membership_ibfk_2` FOREIGN KEY (`USER_ID_`) REFERENCES `act_id_user` (`ID_`)
) ENGINE=InnoDB DEFAULT CHARSET=utf8 COLLATE=utf8_bin;

-- ----------------------------
-- Records of act_id_membership
-- ----------------------------

-- ----------------------------
-- Table structure for `act_id_user`
-- ----------------------------
DROP TABLE IF EXISTS `act_id_user`;
CREATE TABLE `act_id_user` (
  `ID_` varchar(64) COLLATE utf8_bin NOT NULL DEFAULT '',
  `REV_` int(11) DEFAULT NULL,
  `FIRST_` varchar(255) COLLATE utf8_bin DEFAULT NULL,
  `LAST_` varchar(255) COLLATE utf8_bin DEFAULT NULL,
  `EMAIL_` varchar(255) COLLATE utf8_bin DEFAULT NULL,
  `PWD_` varchar(255) COLLATE utf8_bin DEFAULT NULL,
  `PICTURE_ID_` varchar(64) COLLATE utf8_bin DEFAULT NULL,
  PRIMARY KEY (`ID_`)
) ENGINE=InnoDB DEFAULT CHARSET=utf8 COLLATE=utf8_bin;

-- ----------------------------
-- Records of act_id_user
-- ----------------------------

-- ----------------------------
-- Table structure for `act_procdef_info`
-- ----------------------------
DROP TABLE IF EXISTS `act_procdef_info`;
CREATE TABLE `act_procdef_info` (
  `ID_` varchar(64) COLLATE utf8_bin NOT NULL,
  `PROC_DEF_ID_` varchar(64) COLLATE utf8_bin NOT NULL,
  `REV_` int(11) DEFAULT NULL,
  `INFO_JSON_ID_` varchar(64) COLLATE utf8_bin DEFAULT NULL,
  PRIMARY KEY (`ID_`),
  UNIQUE KEY `ACT_UNIQ_INFO_PROCDEF` (`PROC_DEF_ID_`),
  KEY `ACT_IDX_INFO_PROCDEF` (`PROC_DEF_ID_`),
  KEY `ACT_FK_INFO_JSON_BA` (`INFO_JSON_ID_`),
  CONSTRAINT `ACT_FK_INFO_JSON_BA` FOREIGN KEY (`INFO_JSON_ID_`) REFERENCES `act_ge_bytearray` (`ID_`),
  CONSTRAINT `ACT_FK_INFO_PROCDEF` FOREIGN KEY (`PROC_DEF_ID_`) REFERENCES `act_re_procdef` (`ID_`)
) ENGINE=InnoDB DEFAULT CHARSET=utf8 COLLATE=utf8_bin;

-- ----------------------------
-- Records of act_procdef_info
-- ----------------------------

-- ----------------------------
-- Table structure for `act_re_deployment`
-- ----------------------------
DROP TABLE IF EXISTS `act_re_deployment`;
CREATE TABLE `act_re_deployment` (
  `ID_` varchar(64) COLLATE utf8_bin NOT NULL DEFAULT '',
  `NAME_` varchar(255) COLLATE utf8_bin DEFAULT NULL,
  `CATEGORY_` varchar(255) COLLATE utf8_bin DEFAULT NULL,
  `TENANT_ID_` varchar(255) COLLATE utf8_bin DEFAULT '',
  `DEPLOY_TIME_` timestamp(3) NULL DEFAULT NULL,
  PRIMARY KEY (`ID_`)
) ENGINE=InnoDB DEFAULT CHARSET=utf8 COLLATE=utf8_bin;

-- ----------------------------
-- Records of act_re_deployment
-- ----------------------------

-- ----------------------------
-- Table structure for `act_re_model`
-- ----------------------------
DROP TABLE IF EXISTS `act_re_model`;
CREATE TABLE `act_re_model` (
  `ID_` varchar(64) COLLATE utf8_bin NOT NULL,
  `REV_` int(11) DEFAULT NULL,
  `NAME_` varchar(255) COLLATE utf8_bin DEFAULT NULL,
  `KEY_` varchar(255) COLLATE utf8_bin DEFAULT NULL,
  `CATEGORY_` varchar(255) COLLATE utf8_bin DEFAULT NULL,
  `CREATE_TIME_` timestamp(3) NULL DEFAULT NULL,
  `LAST_UPDATE_TIME_` timestamp(3) NULL DEFAULT NULL,
  `VERSION_` int(11) DEFAULT NULL,
  `META_INFO_` varchar(4000) COLLATE utf8_bin DEFAULT NULL,
  `DEPLOYMENT_ID_` varchar(64) COLLATE utf8_bin DEFAULT NULL,
  `EDITOR_SOURCE_VALUE_ID_` varchar(64) COLLATE utf8_bin DEFAULT NULL,
  `EDITOR_SOURCE_EXTRA_VALUE_ID_` varchar(64) COLLATE utf8_bin DEFAULT NULL,
  `TENANT_ID_` varchar(255) COLLATE utf8_bin DEFAULT '',
  PRIMARY KEY (`ID_`),
  KEY `ACT_FK_MODEL_SOURCE` (`EDITOR_SOURCE_VALUE_ID_`),
  KEY `ACT_FK_MODEL_SOURCE_EXTRA` (`EDITOR_SOURCE_EXTRA_VALUE_ID_`),
  KEY `ACT_FK_MODEL_DEPLOYMENT` (`DEPLOYMENT_ID_`),
  CONSTRAINT `act_re_model_ibfk_1` FOREIGN KEY (`DEPLOYMENT_ID_`) REFERENCES `act_re_deployment` (`ID_`),
  CONSTRAINT `act_re_model_ibfk_2` FOREIGN KEY (`EDITOR_SOURCE_VALUE_ID_`) REFERENCES `act_ge_bytearray` (`ID_`),
  CONSTRAINT `act_re_model_ibfk_3` FOREIGN KEY (`EDITOR_SOURCE_EXTRA_VALUE_ID_`) REFERENCES `act_ge_bytearray` (`ID_`)
) ENGINE=InnoDB DEFAULT CHARSET=utf8 COLLATE=utf8_bin;

-- ----------------------------
-- Records of act_re_model
-- ----------------------------
INSERT INTO `act_re_model` VALUES ('1', '5', 'lutiannan', '12313123', null, '2017-10-09 14:07:00.000', '2017-10-09 14:09:02.000', '1', '{\"name\":\"lutiannan\",\"revision\":1,\"description\":\"lutiannan---\"}', null, '2', '3', '');
INSERT INTO `act_re_model` VALUES ('10001', '2', 'hello1111', '12313123', null, '2017-10-09 08:59:39.248', '2017-10-09 08:59:39.281', '1', '{\"name\":\"hello1111\",\"revision\":1,\"description\":\"hello1111\"}', null, '10002', null, '');
INSERT INTO `act_re_model` VALUES ('10003', '2', 'hello1111', '12313123', null, '2017-10-09 09:02:03.243', '2017-10-09 09:02:03.252', '1', '{\"name\":\"hello1111\",\"revision\":1,\"description\":\"hello1111\"}', null, '10004', null, '');
INSERT INTO `act_re_model` VALUES ('12501', '4', '234', '12313123', null, '2017-10-09 09:03:04.948', '2017-10-09 09:07:26.243', '1', '{\"name\":\"234\",\"revision\":1,\"description\":\"测测测测\"}', null, '12502', '12503', '');
INSERT INTO `act_re_model` VALUES ('2501', '2', 'hello1111', '12313123', null, '2017-10-09 07:18:24.714', '2017-10-09 07:18:24.768', '1', '{\"name\":\"hello1111\",\"revision\":1,\"description\":\"hello1111\"}', null, '2502', null, '');
INSERT INTO `act_re_model` VALUES ('4', '4', 'lutiannan', '12313123', null, '2017-10-09 14:09:04.000', '2017-10-09 14:09:06.000', '1', '{\"name\":\"lutiannan\",\"revision\":1,\"description\":\"lutiannan---\"}', null, '5', '6', '');
INSERT INTO `act_re_model` VALUES ('5001', '2', 'hello1111', '12313123', null, '2017-10-09 08:53:26.380', '2017-10-09 08:53:26.406', '1', '{\"name\":\"hello1111\",\"revision\":1,\"description\":\"hello1111\"}', null, '5002', null, '');
INSERT INTO `act_re_model` VALUES ('7501', '2', 'hello1111', '12313123', null, '2017-10-09 08:55:09.008', '2017-10-09 08:55:09.041', '1', '{\"name\":\"hello1111\",\"revision\":1,\"description\":\"hello1111\"}', null, '7502', null, '');

-- ----------------------------
-- Table structure for `act_re_procdef`
-- ----------------------------
DROP TABLE IF EXISTS `act_re_procdef`;
CREATE TABLE `act_re_procdef` (
  `ID_` varchar(64) COLLATE utf8_bin NOT NULL,
  `REV_` int(11) DEFAULT NULL,
  `CATEGORY_` varchar(255) COLLATE utf8_bin DEFAULT NULL,
  `NAME_` varchar(255) COLLATE utf8_bin DEFAULT NULL,
  `KEY_` varchar(255) COLLATE utf8_bin NOT NULL,
  `VERSION_` int(11) NOT NULL,
  `DEPLOYMENT_ID_` varchar(64) COLLATE utf8_bin DEFAULT NULL,
  `RESOURCE_NAME_` varchar(4000) COLLATE utf8_bin DEFAULT NULL,
  `DGRM_RESOURCE_NAME_` varchar(4000) COLLATE utf8_bin DEFAULT NULL,
  `DESCRIPTION_` varchar(4000) COLLATE utf8_bin DEFAULT NULL,
  `HAS_START_FORM_KEY_` tinyint(4) DEFAULT NULL,
  `HAS_GRAPHICAL_NOTATION_` tinyint(4) DEFAULT NULL,
  `SUSPENSION_STATE_` int(11) DEFAULT NULL,
  `TENANT_ID_` varchar(255) COLLATE utf8_bin DEFAULT '',
  PRIMARY KEY (`ID_`),
  UNIQUE KEY `ACT_UNIQ_PROCDEF` (`KEY_`,`VERSION_`,`TENANT_ID_`)
) ENGINE=InnoDB DEFAULT CHARSET=utf8 COLLATE=utf8_bin;

-- ----------------------------
-- Records of act_re_procdef
-- ----------------------------

-- ----------------------------
-- Table structure for `act_ru_event_subscr`
-- ----------------------------
DROP TABLE IF EXISTS `act_ru_event_subscr`;
CREATE TABLE `act_ru_event_subscr` (
  `ID_` varchar(64) COLLATE utf8_bin NOT NULL,
  `REV_` int(11) DEFAULT NULL,
  `EVENT_TYPE_` varchar(255) COLLATE utf8_bin NOT NULL,
  `EVENT_NAME_` varchar(255) COLLATE utf8_bin DEFAULT NULL,
  `EXECUTION_ID_` varchar(64) COLLATE utf8_bin DEFAULT NULL,
  `PROC_INST_ID_` varchar(64) COLLATE utf8_bin DEFAULT NULL,
  `ACTIVITY_ID_` varchar(64) COLLATE utf8_bin DEFAULT NULL,
  `CONFIGURATION_` varchar(255) COLLATE utf8_bin DEFAULT NULL,
  `CREATED_` timestamp(3) NOT NULL DEFAULT CURRENT_TIMESTAMP(3),
  `PROC_DEF_ID_` varchar(64) COLLATE utf8_bin DEFAULT NULL,
  `TENANT_ID_` varchar(255) COLLATE utf8_bin DEFAULT '',
  PRIMARY KEY (`ID_`),
  KEY `ACT_IDX_EVENT_SUBSCR_CONFIG_` (`CONFIGURATION_`),
  KEY `ACT_FK_EVENT_EXEC` (`EXECUTION_ID_`),
  CONSTRAINT `act_ru_event_subscr_ibfk_1` FOREIGN KEY (`EXECUTION_ID_`) REFERENCES `act_ru_execution` (`ID_`)
) ENGINE=InnoDB DEFAULT CHARSET=utf8 COLLATE=utf8_bin;

-- ----------------------------
-- Records of act_ru_event_subscr
-- ----------------------------

-- ----------------------------
-- Table structure for `act_ru_execution`
-- ----------------------------
DROP TABLE IF EXISTS `act_ru_execution`;
CREATE TABLE `act_ru_execution` (
  `ID_` varchar(64) COLLATE utf8_bin NOT NULL DEFAULT '',
  `REV_` int(11) DEFAULT NULL,
  `PROC_INST_ID_` varchar(64) COLLATE utf8_bin DEFAULT NULL,
  `BUSINESS_KEY_` varchar(255) COLLATE utf8_bin DEFAULT NULL,
  `PARENT_ID_` varchar(64) COLLATE utf8_bin DEFAULT NULL,
  `PROC_DEF_ID_` varchar(64) COLLATE utf8_bin DEFAULT NULL,
  `SUPER_EXEC_` varchar(64) COLLATE utf8_bin DEFAULT NULL,
  `ACT_ID_` varchar(255) COLLATE utf8_bin DEFAULT NULL,
  `IS_ACTIVE_` tinyint(4) DEFAULT NULL,
  `IS_CONCURRENT_` tinyint(4) DEFAULT NULL,
  `IS_SCOPE_` tinyint(4) DEFAULT NULL,
  `IS_EVENT_SCOPE_` tinyint(4) DEFAULT NULL,
  `SUSPENSION_STATE_` int(11) DEFAULT NULL,
  `CACHED_ENT_STATE_` int(11) DEFAULT NULL,
  `TENANT_ID_` varchar(255) COLLATE utf8_bin DEFAULT '',
  `NAME_` varchar(255) COLLATE utf8_bin DEFAULT NULL,
  `LOCK_TIME_` timestamp(3) NULL DEFAULT NULL,
  PRIMARY KEY (`ID_`),
  KEY `ACT_IDX_EXEC_BUSKEY` (`BUSINESS_KEY_`),
  KEY `ACT_FK_EXE_PROCINST` (`PROC_INST_ID_`),
  KEY `ACT_FK_EXE_PARENT` (`PARENT_ID_`),
  KEY `ACT_FK_EXE_SUPER` (`SUPER_EXEC_`),
  KEY `ACT_FK_EXE_PROCDEF` (`PROC_DEF_ID_`),
  CONSTRAINT `act_ru_execution_ibfk_1` FOREIGN KEY (`PARENT_ID_`) REFERENCES `act_ru_execution` (`ID_`),
  CONSTRAINT `act_ru_execution_ibfk_2` FOREIGN KEY (`PROC_DEF_ID_`) REFERENCES `act_re_procdef` (`ID_`),
  CONSTRAINT `act_ru_execution_ibfk_3` FOREIGN KEY (`PROC_INST_ID_`) REFERENCES `act_ru_execution` (`ID_`) ON DELETE CASCADE ON UPDATE CASCADE,
  CONSTRAINT `act_ru_execution_ibfk_4` FOREIGN KEY (`SUPER_EXEC_`) REFERENCES `act_ru_execution` (`ID_`)
) ENGINE=InnoDB DEFAULT CHARSET=utf8 COLLATE=utf8_bin;

-- ----------------------------
-- Records of act_ru_execution
-- ----------------------------

-- ----------------------------
-- Table structure for `act_ru_identitylink`
-- ----------------------------
DROP TABLE IF EXISTS `act_ru_identitylink`;
CREATE TABLE `act_ru_identitylink` (
  `ID_` varchar(64) COLLATE utf8_bin NOT NULL DEFAULT '',
  `REV_` int(11) DEFAULT NULL,
  `GROUP_ID_` varchar(255) COLLATE utf8_bin DEFAULT NULL,
  `TYPE_` varchar(255) COLLATE utf8_bin DEFAULT NULL,
  `USER_ID_` varchar(255) COLLATE utf8_bin DEFAULT NULL,
  `TASK_ID_` varchar(64) COLLATE utf8_bin DEFAULT NULL,
  `PROC_INST_ID_` varchar(64) COLLATE utf8_bin DEFAULT NULL,
  `PROC_DEF_ID_` varchar(64) COLLATE utf8_bin DEFAULT NULL,
  PRIMARY KEY (`ID_`),
  KEY `ACT_IDX_IDENT_LNK_USER` (`USER_ID_`),
  KEY `ACT_IDX_IDENT_LNK_GROUP` (`GROUP_ID_`),
  KEY `ACT_IDX_ATHRZ_PROCEDEF` (`PROC_DEF_ID_`),
  KEY `ACT_FK_TSKASS_TASK` (`TASK_ID_`),
  KEY `ACT_FK_IDL_PROCINST` (`PROC_INST_ID_`),
  CONSTRAINT `act_ru_identitylink_ibfk_1` FOREIGN KEY (`PROC_DEF_ID_`) REFERENCES `act_re_procdef` (`ID_`),
  CONSTRAINT `act_ru_identitylink_ibfk_2` FOREIGN KEY (`PROC_INST_ID_`) REFERENCES `act_ru_execution` (`ID_`),
  CONSTRAINT `act_ru_identitylink_ibfk_3` FOREIGN KEY (`TASK_ID_`) REFERENCES `act_ru_task` (`ID_`)
) ENGINE=InnoDB DEFAULT CHARSET=utf8 COLLATE=utf8_bin;

-- ----------------------------
-- Records of act_ru_identitylink
-- ----------------------------

-- ----------------------------
-- Table structure for `act_ru_job`
-- ----------------------------
DROP TABLE IF EXISTS `act_ru_job`;
CREATE TABLE `act_ru_job` (
  `ID_` varchar(64) COLLATE utf8_bin NOT NULL,
  `REV_` int(11) DEFAULT NULL,
  `TYPE_` varchar(255) COLLATE utf8_bin NOT NULL,
  `LOCK_EXP_TIME_` timestamp(3) NULL DEFAULT NULL,
  `LOCK_OWNER_` varchar(255) COLLATE utf8_bin DEFAULT NULL,
  `EXCLUSIVE_` tinyint(1) DEFAULT NULL,
  `EXECUTION_ID_` varchar(64) COLLATE utf8_bin DEFAULT NULL,
  `PROCESS_INSTANCE_ID_` varchar(64) COLLATE utf8_bin DEFAULT NULL,
  `PROC_DEF_ID_` varchar(64) COLLATE utf8_bin DEFAULT NULL,
  `RETRIES_` int(11) DEFAULT NULL,
  `EXCEPTION_STACK_ID_` varchar(64) COLLATE utf8_bin DEFAULT NULL,
  `EXCEPTION_MSG_` varchar(4000) COLLATE utf8_bin DEFAULT NULL,
  `DUEDATE_` timestamp(3) NULL DEFAULT NULL,
  `REPEAT_` varchar(255) COLLATE utf8_bin DEFAULT NULL,
  `HANDLER_TYPE_` varchar(255) COLLATE utf8_bin DEFAULT NULL,
  `HANDLER_CFG_` varchar(4000) COLLATE utf8_bin DEFAULT NULL,
  `TENANT_ID_` varchar(255) COLLATE utf8_bin DEFAULT '',
  PRIMARY KEY (`ID_`),
  KEY `ACT_FK_JOB_EXCEPTION` (`EXCEPTION_STACK_ID_`),
  CONSTRAINT `act_ru_job_ibfk_1` FOREIGN KEY (`EXCEPTION_STACK_ID_`) REFERENCES `act_ge_bytearray` (`ID_`)
) ENGINE=InnoDB DEFAULT CHARSET=utf8 COLLATE=utf8_bin;

-- ----------------------------
-- Records of act_ru_job
-- ----------------------------

-- ----------------------------
-- Table structure for `act_ru_task`
-- ----------------------------
DROP TABLE IF EXISTS `act_ru_task`;
CREATE TABLE `act_ru_task` (
  `ID_` varchar(64) COLLATE utf8_bin NOT NULL DEFAULT '',
  `REV_` int(11) DEFAULT NULL,
  `EXECUTION_ID_` varchar(64) COLLATE utf8_bin DEFAULT NULL,
  `PROC_INST_ID_` varchar(64) COLLATE utf8_bin DEFAULT NULL,
  `PROC_DEF_ID_` varchar(64) COLLATE utf8_bin DEFAULT NULL,
  `NAME_` varchar(255) COLLATE utf8_bin DEFAULT NULL,
  `PARENT_TASK_ID_` varchar(64) COLLATE utf8_bin DEFAULT NULL,
  `DESCRIPTION_` varchar(4000) COLLATE utf8_bin DEFAULT NULL,
  `TASK_DEF_KEY_` varchar(255) COLLATE utf8_bin DEFAULT NULL,
  `OWNER_` varchar(255) COLLATE utf8_bin DEFAULT NULL,
  `ASSIGNEE_` varchar(255) COLLATE utf8_bin DEFAULT NULL,
  `DELEGATION_` varchar(64) COLLATE utf8_bin DEFAULT NULL,
  `PRIORITY_` int(11) DEFAULT NULL,
  `CREATE_TIME_` timestamp(3) NULL DEFAULT NULL,
  `DUE_DATE_` datetime(3) DEFAULT NULL,
  `CATEGORY_` varchar(255) COLLATE utf8_bin DEFAULT NULL,
  `SUSPENSION_STATE_` int(11) DEFAULT NULL,
  `TENANT_ID_` varchar(255) COLLATE utf8_bin DEFAULT '',
  `FORM_KEY_` varchar(255) COLLATE utf8_bin DEFAULT NULL,
  PRIMARY KEY (`ID_`),
  KEY `ACT_IDX_TASK_CREATE` (`CREATE_TIME_`),
  KEY `ACT_FK_TASK_EXE` (`EXECUTION_ID_`),
  KEY `ACT_FK_TASK_PROCINST` (`PROC_INST_ID_`),
  KEY `ACT_FK_TASK_PROCDEF` (`PROC_DEF_ID_`),
  CONSTRAINT `act_ru_task_ibfk_1` FOREIGN KEY (`EXECUTION_ID_`) REFERENCES `act_ru_execution` (`ID_`),
  CONSTRAINT `act_ru_task_ibfk_2` FOREIGN KEY (`PROC_DEF_ID_`) REFERENCES `act_re_procdef` (`ID_`),
  CONSTRAINT `act_ru_task_ibfk_3` FOREIGN KEY (`PROC_INST_ID_`) REFERENCES `act_ru_execution` (`ID_`)
) ENGINE=InnoDB DEFAULT CHARSET=utf8 COLLATE=utf8_bin;

-- ----------------------------
-- Records of act_ru_task
-- ----------------------------

-- ----------------------------
-- Table structure for `act_ru_variable`
-- ----------------------------
DROP TABLE IF EXISTS `act_ru_variable`;
CREATE TABLE `act_ru_variable` (
  `ID_` varchar(64) COLLATE utf8_bin NOT NULL,
  `REV_` int(11) DEFAULT NULL,
  `TYPE_` varchar(255) COLLATE utf8_bin NOT NULL,
  `NAME_` varchar(255) COLLATE utf8_bin NOT NULL,
  `EXECUTION_ID_` varchar(64) COLLATE utf8_bin DEFAULT NULL,
  `PROC_INST_ID_` varchar(64) COLLATE utf8_bin DEFAULT NULL,
  `TASK_ID_` varchar(64) COLLATE utf8_bin DEFAULT NULL,
  `BYTEARRAY_ID_` varchar(64) COLLATE utf8_bin DEFAULT NULL,
  `DOUBLE_` double DEFAULT NULL,
  `LONG_` bigint(20) DEFAULT NULL,
  `TEXT_` varchar(4000) COLLATE utf8_bin DEFAULT NULL,
  `TEXT2_` varchar(4000) COLLATE utf8_bin DEFAULT NULL,
  PRIMARY KEY (`ID_`),
  KEY `ACT_IDX_VARIABLE_TASK_ID` (`TASK_ID_`),
  KEY `ACT_FK_VAR_EXE` (`EXECUTION_ID_`),
  KEY `ACT_FK_VAR_PROCINST` (`PROC_INST_ID_`),
  KEY `ACT_FK_VAR_BYTEARRAY` (`BYTEARRAY_ID_`),
  CONSTRAINT `act_ru_variable_ibfk_1` FOREIGN KEY (`BYTEARRAY_ID_`) REFERENCES `act_ge_bytearray` (`ID_`),
  CONSTRAINT `act_ru_variable_ibfk_2` FOREIGN KEY (`EXECUTION_ID_`) REFERENCES `act_ru_execution` (`ID_`),
  CONSTRAINT `act_ru_variable_ibfk_3` FOREIGN KEY (`PROC_INST_ID_`) REFERENCES `act_ru_execution` (`ID_`)
) ENGINE=InnoDB DEFAULT CHARSET=utf8 COLLATE=utf8_bin;

-- ----------------------------
-- Records of act_ru_variable
-- ----------------------------

-- ----------------------------
-- Table structure for `t_qx_organ`
-- ----------------------------
DROP TABLE IF EXISTS `t_qx_organ`;
CREATE TABLE `t_qx_organ` (
  `organ_id` bigint(20) NOT NULL AUTO_INCREMENT COMMENT '部门ID',
  `name` varchar(255) DEFAULT NULL COMMENT '部门名称',
  `icon` varchar(255) DEFAULT NULL COMMENT '部门图标',
  `parent_id` bigint(255) DEFAULT NULL COMMENT '上级部门ID',
  `seq` int(11) DEFAULT NULL COMMENT '排序',
  `create_time` datetime DEFAULT NULL COMMENT '创建时间',
  `update_time` datetime DEFAULT NULL COMMENT '修改时间',
  `valid` varchar(255) DEFAULT NULL COMMENT '是否有效',
  `creater` bigint(20) DEFAULT NULL COMMENT '创建人',
  PRIMARY KEY (`organ_id`)
) ENGINE=InnoDB DEFAULT CHARSET=utf8;

-- ----------------------------
-- Records of t_qx_organ
-- ----------------------------

-- ----------------------------
-- Table structure for `t_qx_organ_puriew`
-- ----------------------------
DROP TABLE IF EXISTS `t_qx_organ_puriew`;
CREATE TABLE `t_qx_organ_puriew` (
  `id` bigint(20) NOT NULL AUTO_INCREMENT COMMENT '主键',
  `organ_id` bigint(20) DEFAULT NULL,
  `puriew_id` bigint(20) DEFAULT NULL,
  PRIMARY KEY (`id`)
) ENGINE=InnoDB DEFAULT CHARSET=utf8;

-- ----------------------------
-- Records of t_qx_organ_puriew
-- ----------------------------

-- ----------------------------
-- Table structure for `t_qx_puriew`
-- ----------------------------
DROP TABLE IF EXISTS `t_qx_puriew`;
CREATE TABLE `t_qx_puriew` (
  `puriew_id` bigint(20) NOT NULL AUTO_INCREMENT COMMENT '权限ID',
  `name` varchar(255) NOT NULL COMMENT '权限名称',
  `seq` int(11) NOT NULL COMMENT '序号',
  `expression` varchar(255) NOT NULL COMMENT '权限表达式',
  `create_time` datetime NOT NULL COMMENT '创建时间',
  `update_time` datetime NOT NULL COMMENT '修改时间',
  `valid` varchar(255) NOT NULL COMMENT '是否有效',
  `creater` bigint(20) NOT NULL COMMENT '创建人',
  PRIMARY KEY (`puriew_id`)
) ENGINE=InnoDB DEFAULT CHARSET=utf8 COMMENT='权限表';

-- ----------------------------
-- Records of t_qx_puriew
-- ----------------------------

-- ----------------------------
-- Table structure for `t_qx_puriew_resource`
-- ----------------------------
DROP TABLE IF EXISTS `t_qx_puriew_resource`;
CREATE TABLE `t_qx_puriew_resource` (
  `id` bigint(20) NOT NULL AUTO_INCREMENT COMMENT '主键',
  `puriew_id` bigint(20) DEFAULT NULL COMMENT '权限ID',
  `resource_id` bigint(20) DEFAULT NULL COMMENT '资源ID',
  PRIMARY KEY (`id`)
) ENGINE=InnoDB DEFAULT CHARSET=utf8;

-- ----------------------------
-- Records of t_qx_puriew_resource
-- ----------------------------

-- ----------------------------
-- Table structure for `t_qx_resource`
-- ----------------------------
DROP TABLE IF EXISTS `t_qx_resource`;
CREATE TABLE `t_qx_resource` (
  `resource_id` bigint(20) NOT NULL AUTO_INCREMENT COMMENT '主键',
  `name` varchar(255) NOT NULL COMMENT '资源名称',
  `parent_id` bigint(20) NOT NULL COMMENT '上级资源ID',
  `type_code` varchar(255) NOT NULL COMMENT '资源类型代码',
  `type_desc` varchar(255) NOT NULL COMMENT '资源类型描述',
  `icon` varchar(255) DEFAULT NULL COMMENT '资源图标',
  `link` varchar(255) DEFAULT NULL COMMENT '资源链接',
  `seq` int(11) NOT NULL COMMENT '排序',
  `note` varchar(255) DEFAULT NULL COMMENT '备注',
  `create_time` datetime DEFAULT NULL,
  `update_time` datetime NOT NULL COMMENT '是否有效',
  `valid` varchar(255) NOT NULL,
  `creater` bigint(20) DEFAULT NULL COMMENT '创建人',
  PRIMARY KEY (`resource_id`)
) ENGINE=InnoDB AUTO_INCREMENT=18 DEFAULT CHARSET=utf8;

-- ----------------------------
-- Records of t_qx_resource
-- ----------------------------
INSERT INTO `t_qx_resource` VALUES ('1', '系统设置', '0', '01', '菜单', 'fa-fonticons', null, '1', null, '2017-09-21 14:34:49', '2017-09-21 14:34:55', '1', '1');
INSERT INTO `t_qx_resource` VALUES ('2', '资源管理', '3', '01', '菜单', 'fa-file-image-o', 'system/setting/resource/main', '1', '包含菜单', null, '2017-09-25 02:11:45', '1', '1');
INSERT INTO `t_qx_resource` VALUES ('3', '权限管理', '0', '01', '菜单', 'fa-lock', '链接', '2', '备注', null, '2017-09-25 01:49:54', '1', '1');
INSERT INTO `t_qx_resource` VALUES ('4', '工作流管理', '0', '04', '文具盒', '图标', '链接', '1', '备注', null, '2017-09-23 08:25:26', '2', '1');
INSERT INTO `t_qx_resource` VALUES ('5', '功能测试', '0', '01', '书包', '图标', '链接', '4', '备注', '2017-09-23 02:36:47', '2017-09-23 02:36:47', '2', '1');
INSERT INTO `t_qx_resource` VALUES ('6', '报表管理', '0', '01', '书包', '图标', '链接', '5', '备注', '2017-09-23 02:39:22', '2017-09-23 02:39:22', '2', '1');
INSERT INTO `t_qx_resource` VALUES ('7', '数据字典', '1', '01', '', 'fa-book', 'system/setting/dictionary/main', '1', '无', null, '2017-09-24 01:38:52', '1', '1');
INSERT INTO `t_qx_resource` VALUES ('8', '开发工具', '0', '01', '菜单', 'fa-wrench', '待定', '3', '无', '2017-09-25 01:49:32', '2017-09-25 01:49:59', '1', '1');
INSERT INTO `t_qx_resource` VALUES ('9', '工作流管理', '0', '01', '菜单', 'fa-modx', '待定', '4', '无', '2017-09-25 01:54:55', '2017-09-25 01:54:55', '1', '1');
INSERT INTO `t_qx_resource` VALUES ('10', '报表工具', '0', '01', '菜单', 'fa-file-text-o', '待定', '5', '无', '2017-09-25 01:57:07', '2017-09-25 01:57:15', '1', '1');
INSERT INTO `t_qx_resource` VALUES ('11', '代码生成器', '8', '01', '', 'fa-file-code-o', 'system/developer/generator/main', '1', '无', '2017-09-25 02:01:42', '2017-09-25 02:21:29', '1', '1');
INSERT INTO `t_qx_resource` VALUES ('12', '日志管理', '0', '01', '菜单', 'fa-bug', '待定', '6', '无', '2017-09-25 02:06:35', '2017-09-25 02:06:46', '1', '1');
INSERT INTO `t_qx_resource` VALUES ('13', '测试管理', '0', '01', '菜单', 'fa-text-width', '待定', '7', '无', '2017-09-25 02:10:09', '2017-09-25 02:16:15', '1', '1');
INSERT INTO `t_qx_resource` VALUES ('14', '用户管理', '3', '01', '菜单', 'fa-users', '待定', '2', '无', '2017-09-25 02:13:44', '2017-09-25 02:13:44', '1', '1');
INSERT INTO `t_qx_resource` VALUES ('15', '生成记录', '11', '01', '菜单', 'fa-bars', '待定', '1', '无', '2017-09-25 02:26:54', '2017-09-25 02:26:54', '2', '1');
INSERT INTO `t_qx_resource` VALUES ('16', '表格格式化表单', '13', '01', '菜单', 'fa-trash', 'system/test/test1', '1', '无', '2017-09-26 16:33:55', '2017-09-26 16:35:19', '1', '1');
INSERT INTO `t_qx_resource` VALUES ('17', '流程设计', '9', '01', '菜单', 'fa-floppy-o', 'system/activiti/modeler', '1', '无', '2017-10-09 07:00:18', '2017-10-09 07:59:13', '1', '1');

-- ----------------------------
-- Table structure for `t_qx_role`
-- ----------------------------
DROP TABLE IF EXISTS `t_qx_role`;
CREATE TABLE `t_qx_role` (
  `role_id` bigint(20) NOT NULL AUTO_INCREMENT COMMENT '角色ID',
  `name` varchar(255) NOT NULL COMMENT '角色名称',
  `seq` int(11) NOT NULL COMMENT '排序',
  `create_time` datetime NOT NULL COMMENT '创建时间',
  `update_time` datetime NOT NULL COMMENT '更新时间',
  `valid` varchar(255) NOT NULL COMMENT '是否有效',
  `creater` bigint(20) DEFAULT NULL COMMENT '创建人',
  PRIMARY KEY (`role_id`)
) ENGINE=InnoDB DEFAULT CHARSET=utf8;

-- ----------------------------
-- Records of t_qx_role
-- ----------------------------

-- ----------------------------
-- Table structure for `t_qx_role_puriew`
-- ----------------------------
DROP TABLE IF EXISTS `t_qx_role_puriew`;
CREATE TABLE `t_qx_role_puriew` (
  `id` bigint(20) NOT NULL AUTO_INCREMENT COMMENT '主键',
  `role_id` bigint(20) DEFAULT NULL,
  `puriew_id` bigint(20) DEFAULT NULL,
  PRIMARY KEY (`id`)
) ENGINE=InnoDB DEFAULT CHARSET=utf8;

-- ----------------------------
-- Records of t_qx_role_puriew
-- ----------------------------

-- ----------------------------
-- Table structure for `t_qx_user`
-- ----------------------------
DROP TABLE IF EXISTS `t_qx_user`;
CREATE TABLE `t_qx_user` (
  `user_id` bigint(20) NOT NULL AUTO_INCREMENT COMMENT '用户ID',
  `user_name` varchar(255) NOT NULL COMMENT '用户名',
  `salt` varchar(255) NOT NULL COMMENT '盐值',
  `password` varchar(255) NOT NULL COMMENT '密码',
  `createtime` datetime NOT NULL COMMENT '创建时间',
  `updatetime` datetime NOT NULL COMMENT '修改时间',
  `valid` varchar(255) NOT NULL COMMENT '是否有效',
  `creater` bigint(20) NOT NULL COMMENT '创建人',
  `locked` int(11) NOT NULL DEFAULT '0' COMMENT '是否被锁住  0没有被锁  1被锁',
  PRIMARY KEY (`user_id`)
) ENGINE=InnoDB DEFAULT CHARSET=utf8;

-- ----------------------------
-- Records of t_qx_user
-- ----------------------------

-- ----------------------------
-- Table structure for `t_qx_user_organ`
-- ----------------------------
DROP TABLE IF EXISTS `t_qx_user_organ`;
CREATE TABLE `t_qx_user_organ` (
  `id` bigint(20) NOT NULL AUTO_INCREMENT COMMENT '主键',
  `user_id` bigint(20) DEFAULT NULL COMMENT '用户ID',
  `organ_id` bigint(20) DEFAULT NULL COMMENT '部门ID',
  PRIMARY KEY (`id`)
) ENGINE=InnoDB DEFAULT CHARSET=utf8;

-- ----------------------------
-- Records of t_qx_user_organ
-- ----------------------------

-- ----------------------------
-- Table structure for `t_qx_user_role`
-- ----------------------------
DROP TABLE IF EXISTS `t_qx_user_role`;
CREATE TABLE `t_qx_user_role` (
  `id` bigint(20) NOT NULL DEFAULT '0' COMMENT '主键',
  `user_id` bigint(20) DEFAULT NULL COMMENT '用户ID',
  `role_id` bigint(20) DEFAULT NULL COMMENT '角色ID',
  PRIMARY KEY (`id`)
) ENGINE=InnoDB DEFAULT CHARSET=utf8;

-- ----------------------------
-- Records of t_qx_user_role
-- ----------------------------

-- ----------------------------
-- Table structure for `t_sys_column_extend`
-- ----------------------------
DROP TABLE IF EXISTS `t_sys_column_extend`;
CREATE TABLE `t_sys_column_extend` (
  `id` bigint(20) NOT NULL AUTO_INCREMENT,
  `table_schema` varchar(255) DEFAULT NULL COMMENT '数据库名',
  `table_name` varchar(255) DEFAULT NULL COMMENT '表名',
  `column_name` varchar(255) DEFAULT NULL COMMENT '列名',
  `seq` int(11) DEFAULT NULL COMMENT '排序',
  `form_show` varchar(255) DEFAULT NULL COMMENT '表单显示',
  `list_show` varchar(255) DEFAULT NULL COMMENT '列表显示',
  `input_type` varchar(255) DEFAULT NULL COMMENT '录入类型',
  `is_query` varchar(255) DEFAULT NULL COMMENT '是否查询',
  `param` varchar(255) DEFAULT NULL COMMENT '参数',
  `verify` varchar(255) DEFAULT NULL COMMENT '校验规则',
  `required` varchar(255) DEFAULT NULL COMMENT '是否必填',
  PRIMARY KEY (`id`)
) ENGINE=InnoDB DEFAULT CHARSET=utf8 COMMENT='列属性扩展表';

-- ----------------------------
-- Records of t_sys_column_extend
-- ----------------------------

-- ----------------------------
-- Table structure for `t_sys_dictionary`
-- ----------------------------
DROP TABLE IF EXISTS `t_sys_dictionary`;
CREATE TABLE `t_sys_dictionary` (
  `dic_id` int(11) NOT NULL AUTO_INCREMENT COMMENT '主键',
  `keystone` varchar(100) NOT NULL DEFAULT '' COMMENT '键',
  `value` varchar(255) NOT NULL COMMENT '值',
  `param1` varchar(100) DEFAULT NULL COMMENT '参数1',
  `param2` varchar(100) DEFAULT NULL COMMENT '参数2',
  `param3` varchar(100) DEFAULT NULL COMMENT '参数3',
  `param4` varchar(100) DEFAULT NULL COMMENT '参数4',
  `param5` varchar(100) DEFAULT NULL COMMENT '参数5',
  `param6` varchar(100) DEFAULT NULL COMMENT '参数6',
  `param7` varchar(100) DEFAULT NULL COMMENT '参数7',
  `parent_id` bigint(100) NOT NULL COMMENT '上级id',
  `seq` int(100) NOT NULL COMMENT '排序字段',
  `create_time` datetime NOT NULL,
  `update_time` datetime NOT NULL,
  `valid` varchar(255) NOT NULL,
  `creater` bigint(20) NOT NULL,
  PRIMARY KEY (`dic_id`)
) ENGINE=MyISAM AUTO_INCREMENT=33 DEFAULT CHARSET=utf8;

-- ----------------------------
-- Records of t_sys_dictionary
-- ----------------------------
INSERT INTO `t_sys_dictionary` VALUES ('20', 'EAP_SYSTEM', '系统字典', '', '', '', '', '', '', null, '0', '1', '2017-09-25 01:29:39', '2017-09-25 01:29:39', '1', '1');
INSERT INTO `t_sys_dictionary` VALUES ('21', 'EAP_BUSINESS', '业务字典', '', '', '', '', '', '', null, '0', '2', '2017-09-25 01:30:52', '2017-09-25 01:30:52', '1', '1');
INSERT INTO `t_sys_dictionary` VALUES ('22', 'EAP_SYSTEM_QX', '权限相关', '', '', '', '', '', '', null, '20', '1', '2017-09-25 01:32:38', '2017-09-25 01:32:38', '1', '1');
INSERT INTO `t_sys_dictionary` VALUES ('23', 'EQP_SYSTEM_QX_ZYLB', '资源类别', '', '', '', '', '', '', null, '22', '1', '2017-09-25 01:33:50', '2017-09-25 01:33:50', '1', '1');
INSERT INTO `t_sys_dictionary` VALUES ('24', '01', '菜单', '', '', '', '', '', '', null, '23', '1', '2017-09-25 01:34:04', '2017-09-25 01:34:04', '1', '1');
INSERT INTO `t_sys_dictionary` VALUES ('25', '02', '按钮', '', '', '', '', '', '', null, '23', '2', '2017-09-25 01:34:18', '2017-09-25 01:34:18', '1', '1');
INSERT INTO `t_sys_dictionary` VALUES ('26', '3', '其他资源', '', '', '', '', '', '', null, '23', '3', '2017-09-25 01:34:30', '2017-09-25 01:34:30', '1', '1');
INSERT INTO `t_sys_dictionary` VALUES ('27', 'EAP_SYSTEM_GENERATE', '代码生成器相关', '', '', '', '', '', '', null, '20', '2', '2017-10-01 16:36:48', '2017-10-01 16:36:48', '1', '1');
INSERT INTO `t_sys_dictionary` VALUES ('28', '01', 'controller', '', '', '', '', '', '', null, '27', '1', '2017-10-01 16:37:17', '2017-10-01 16:37:17', '1', '1');
INSERT INTO `t_sys_dictionary` VALUES ('29', '02', 'dao', '', '', '', '', '', '', null, '27', '2', '2017-10-01 16:37:31', '2017-10-01 16:37:31', '1', '1');
INSERT INTO `t_sys_dictionary` VALUES ('30', '03', 'service', '', '', '', '', '', '', null, '27', '3', '2017-10-01 16:37:43', '2017-10-01 16:37:43', '1', '1');
INSERT INTO `t_sys_dictionary` VALUES ('31', '04', 'bean', '', '', '', '', '', '', null, '27', '4', '2017-10-01 16:38:04', '2017-10-01 16:38:04', '1', '1');
INSERT INTO `t_sys_dictionary` VALUES ('32', '05', 'jsp', '', '', '', '', '', '', null, '27', '5', '2017-10-01 16:38:16', '2017-10-01 16:38:16', '1', '1');

-- ----------------------------
-- View structure for `v_sys_column_extend`
-- ----------------------------
DROP VIEW IF EXISTS `v_sys_column_extend`;
CREATE ALGORITHM=UNDEFINED DEFINER=`root`@`localhost` SQL SECURITY DEFINER VIEW `v_sys_column_extend` AS select `a`.`TABLE_SCHEMA` AS `table_schema`,`a`.`TABLE_NAME` AS `table_name`,`a`.`COLUMN_NAME` AS `column_name`,`a`.`ORDINAL_POSITION` AS `ordinal_position`,`a`.`IS_NULLABLE` AS `is_nullable`,`a`.`DATA_TYPE` AS `data_type`,`a`.`COLUMN_KEY` AS `column_key`,`a`.`COLUMN_COMMENT` AS `column_comment`,`b`.`id` AS `id`,`b`.`seq` AS `seq`,`b`.`form_show` AS `form_show`,`b`.`list_show` AS `list_show`,`b`.`input_type` AS `Input_type`,`b`.`is_query` AS `is_query`,`b`.`param` AS `param`,`b`.`verify` AS `verify`,`b`.`required` AS `required` from (`eap`.`t_sys_column_extend` `b` left join `information_schema`.`columns` `a` on(((`a`.`TABLE_SCHEMA` = `b`.`table_schema`) and (`a`.`TABLE_NAME` = `b`.`table_name`) and (`a`.`COLUMN_NAME` = `b`.`column_name`)))) ;
